<?xml version="1.0" encoding="UTF-8"?>
<root>
  <item name="com.sofi.smartlocker.ble.BleService void setScanMode(int) 0">
    <annotation name="android.support.annotation.IntDef">
      <val name="flag" val="true" />
      <val name="value" val="{com.sofi.smartlocker.ble.ScanMode.LOW, com.sofi.smartlocker.ble.ScanMode.HIGH}" />
    </annotation>
  </item>
  <item name="com.sofi.smartlocker.ble.ScanMode">
    <annotation name="android.support.annotation.IntDef">
      <val name="flag" val="true" />
      <val name="value" val="{com.sofi.smartlocker.ble.ScanMode.LOW, com.sofi.smartlocker.ble.ScanMode.HIGH}" />
    </annotation>
  </item>
</root>

